{"cameraMode":{"drawMode":0,"name":"Shaded","section":"Shading Mode"},"sceneLighting":false,"audioPlay":false,"sceneViewState":{"m_AlwaysRefresh":false,"showFog":true,"showSkybox":false,"showFlares":true,"showImageEffects":true,"showParticleSystems":true,"showVisualEffectGraphs":true,"m_FxEnabled":false},"in2DMode":false,"pivot":{"x":0.0013172179460525513,"y":0.04397529363632202,"z":0.005898326635360718},"rotation":{"x":-0.08949130028486252,"y":0.8975136876106262,"z":-0.21423104405403138,"w":-0.3749207556247711},"size":0.3384563624858856,"orthographic":false}